1	Jack	jack@ceng.metu.edu.tr	jack1234	unverified
2	Mike	mike@gmail.com	mike0612	unverified
3	Tom	tom@gmail.com	tom2116	unverified
4	Mert	mert@metu.edu.tr	mert12098	unverified
5	Sarah	sarah@gmail.com	36721672	unverified
6	Richard	richard@hotmail.com	rich.123.ard	verified
7	Cindy	cindy@yahoo.com	cindy7782	unverified
8	Alp	alp@metu.edu.tr	alp0606	unverified
9	Yiit	yiit@metu.edu.tr	yiitt	unverified
10	Ozan	ozan@metu.edu.tr	oznakn	unverified
11	İlker	ilker@metu.edu.tr	ilkr	unverified
12	Deniz	deniz@metu.edu.tr	deren	unverified
13	Bahadir	bahadir@metu.edu.tr	kisbet	unverified
14	Koluacik	koluacik@metu.edu.tr	haskell	unverified
15	Sinan	sinan@metu.edu.tr	tomruk	unverified
16	Kaan	kaan@metu.edu.tr	akguloglu	unverified
17	Yigit	yigit@metu.edu.tr	soylu	unverified
18	Ahmet	ahmet@metu.edu.tr	şencan	unverified
19	Umut	umut@metu.edu.tr	ozdogan	unverified
